{"graph":{"coo_format":true,"row":[0,1,1,2,2,3],"col":[1,0,2,1,3,2],"weight":[7.980124706955674,7.980124706955674,7.329730862308766,7.329730862308766,8.799523609630365,8.799523609630365]},"meta_info":null}